{
    "time": 35128.82743659988,
    "mean_accuracy": 0.6463927185573626,
    "mean_precision": 0.531886973194868,
    "mean_recall": 0.7066699515183323,
    "mean_specificity": 0.6161291814866912,
    "mean_f1": 0.5993663882186586
}