{
    "time": 27849.604684900492,
    "mean_accuracy": 0.6204981447842146,
    "mean_precision": 0.5328056300475495,
    "mean_recall": 0.6661790924777637,
    "mean_specificity": 0.5957646139102641,
    "mean_f1": 0.5760281547313403
}