{
    "train_indices": [
        0,
        1,
        2,
        3,
        5,
        7,
        8,
        9,
        10,
        12,
        13,
        14,
        15,
        16,
        17,
        18,
        21,
        22,
        23,
        24,
        25,
        26,
        27,
        28,
        29,
        31,
        32,
        34
    ],
    "test_indices": [
        4,
        6,
        11,
        19,
        20,
        30,
        33
    ],
    "summary": {
        "model": {
            "id": 2,
            "network": {
                "CONV1": [
                    21,
                    32,
                    1,
                    10
                ],
                "CONV2": [
                    15,
                    64,
                    1,
                    7
                ],
                "LINEAR": 64
            }
        },
        "time": 2757.691754799336,
        "best_config": {
            "BATCH_SIZE": 16,
            "DROPOUT": 0.3,
            "EPOCHS": 50,
            "LR": 2.9365844413177853e-05,
            "PATIENCE": 10,
            "WEIGHT_DECAY": 0.0008081360003631313
        },
        "performance": {
            "loss": 1.6299862451529297,
            "confusion_matrix": {
                "TP": 643,
                "TN": 1650,
                "FP": 352,
                "FN": 825
            },
            "metrics": {
                "accuracy": 0.660806916426513,
                "precision": 0.6462311557788945,
                "recall": 0.4380108991825613,
                "specificity": 0.8241758241758241,
                "f1": 0.5221274868047097
            }
        }
    },
    "configs": {
        "1": {
            "summary": {
                "time": 181.99922170024365,
                "mean_loss": 0.6164343152174738
            },
            "hyperparameters": {
                "BATCH_SIZE": 16,
                "DROPOUT": 0.2,
                "EPOCHS": 50,
                "LR": 3.545377448293355e-05,
                "PATIENCE": 15,
                "WEIGHT_DECAY": 9.321765929780798e-05
            },
            "inner_folds": {
                "1": {
                    "time": 40.486075799912214,
                    "epochs": 18,
                    "loss": 0.6805249834243581
                },
                "2": {
                    "time": 42.59894880000502,
                    "epochs": 19,
                    "loss": 0.6255922117892955
                },
                "3": {
                    "time": 40.28901830036193,
                    "epochs": 18,
                    "loss": 0.48768944934915814
                },
                "4": {
                    "time": 58.62406379915774,
                    "epochs": 26,
                    "loss": 0.6719306163070837
                }
            }
        },
        "2": {
            "summary": {
                "time": 342.2896429002285,
                "mean_loss": 0.6294830211640439
            },
            "hyperparameters": {
                "BATCH_SIZE": 64,
                "DROPOUT": 0.2,
                "EPOCHS": 100,
                "LR": 1.3181066241844924e-05,
                "PATIENCE": 15,
                "WEIGHT_DECAY": 0.00018427883635647029
            },
            "inner_folds": {
                "1": {
                    "time": 27.717450400814414,
                    "epochs": 16,
                    "loss": 0.7466185994470461
                },
                "2": {
                    "time": 126.32431039959192,
                    "epochs": 73,
                    "loss": 0.641802509261105
                },
                "3": {
                    "time": 132.38191359955817,
                    "epochs": 77,
                    "loss": 0.5038045552512805
                },
                "4": {
                    "time": 55.864755500108004,
                    "epochs": 32,
                    "loss": 0.6257064206967435
                }
            }
        },
        "3": {
            "summary": {
                "time": 195.9415199002251,
                "mean_loss": 0.62630322189668
            },
            "hyperparameters": {
                "BATCH_SIZE": 16,
                "DROPOUT": 0.2,
                "EPOCHS": 150,
                "LR": 3.262707349770299e-05,
                "PATIENCE": 15,
                "WEIGHT_DECAY": 0.0005104469172041387
            },
            "inner_folds": {
                "1": {
                    "time": 56.447754699736834,
                    "epochs": 25,
                    "loss": 0.6806962590331559
                },
                "2": {
                    "time": 44.93299669958651,
                    "epochs": 20,
                    "loss": 0.6435130775567557
                },
                "3": {
                    "time": 49.293424599803984,
                    "epochs": 22,
                    "loss": 0.5045313435520042
                },
                "4": {
                    "time": 45.26606360077858,
                    "epochs": 20,
                    "loss": 0.6764722074448042
                }
            }
        },
        "4": {
            "summary": {
                "time": 156.2524997992441,
                "mean_loss": 0.6288339625286046
            },
            "hyperparameters": {
                "BATCH_SIZE": 64,
                "DROPOUT": 0.1,
                "EPOCHS": 100,
                "LR": 9.324647128262909e-05,
                "PATIENCE": 15,
                "WEIGHT_DECAY": 1.3507438808567381e-05
            },
            "inner_folds": {
                "1": {
                    "time": 32.97892239969224,
                    "epochs": 19,
                    "loss": 0.7341764383732516
                },
                "2": {
                    "time": 58.84028359968215,
                    "epochs": 34,
                    "loss": 0.6528259207366258
                },
                "3": {
                    "time": 31.201382199302316,
                    "epochs": 18,
                    "loss": 0.48633541793206087
                },
                "4": {
                    "time": 33.23068379983306,
                    "epochs": 19,
                    "loss": 0.6419980730724801
                }
            }
        },
        "5": {
            "summary": {
                "time": 100.85517309978604,
                "mean_loss": 0.6363661468050534
            },
            "hyperparameters": {
                "BATCH_SIZE": 32,
                "DROPOUT": 0.3,
                "EPOCHS": 50,
                "LR": 3.120971247851597e-05,
                "PATIENCE": 5,
                "WEIGHT_DECAY": 2.8315484765059836e-05
            },
            "inner_folds": {
                "1": {
                    "time": 12.295095199719071,
                    "epochs": 6,
                    "loss": 0.7887721226678974
                },
                "2": {
                    "time": 48.005926500074565,
                    "epochs": 24,
                    "loss": 0.6516368356703596
                },
                "3": {
                    "time": 24.17384900059551,
                    "epochs": 12,
                    "loss": 0.4831257328292392
                },
                "4": {
                    "time": 16.379011299461126,
                    "epochs": 8,
                    "loss": 0.6219298960527173
                }
            }
        },
        "6": {
            "summary": {
                "time": 181.98288729973137,
                "mean_loss": 0.6410423787092939
            },
            "hyperparameters": {
                "BATCH_SIZE": 64,
                "DROPOUT": 0.2,
                "EPOCHS": 150,
                "LR": 2.3306194613798462e-05,
                "PATIENCE": 10,
                "WEIGHT_DECAY": 0.00019090330644113353
            },
            "inner_folds": {
                "1": {
                    "time": 19.26725749950856,