{
    "permutations": 1000000,
    "observed_mean_diff": 0.03538896753654704,
    "p": 0.020256
}