{
    "loss": 0.16268642055385307,
    "confusion_matrix": {
        "TP": 176,
        "TN": 100,
        "FP": 44,
        "FN": 194
    },
    "metrics": {
        "accuracy": 0.5369649805447471,
        "precision": 0.8,
        "recall": 0.4756756756756757,
        "specificity": 0.6944444444444444,
        "f1": 0.5966101694915255
    }
}