{
    "loss": 0.26444652676582336,
    "confusion_matrix": {
        "TP": 0,
        "TN": 254,
        "FP": 0,
        "FN": 207
    },
    "metrics": {
        "accuracy": 0.5509761388286334,
        "precision": 0,
        "recall": 0.0,
        "specificity": 1.0,
        "f1": 0
    }
}