{
    "loss": 0.031911637634038925,
    "confusion_matrix": {
        "TP": 0,
        "TN": 445,
        "FP": 0,
        "FN": 12
    },
    "metrics": {
        "accuracy": 0.973741794310722,
        "precision": 0,
        "recall": 0.0,
        "specificity": 1.0,
        "f1": 0
    }
}