{
    "loss": 0.15327924489974976,
    "confusion_matrix": {
        "TP": 24,
        "TN": 249,
        "FP": 15,
        "FN": 212
    },
    "metrics": {
        "accuracy": 0.546,
        "precision": 0.6153846153846154,
        "recall": 0.1016949152542373,
        "specificity": 0.9431818181818182,
        "f1": 0.17454545454545456
    }
}