{
    "loss": 0.18086864054203033,
    "confusion_matrix": {
        "TP": 9,
        "TN": 187,
        "FP": 1,
        "FN": 311
    },
    "metrics": {
        "accuracy": 0.3858267716535433,
        "precision": 0.9,
        "recall": 0.028125,
        "specificity": 0.9946808510638298,
        "f1": 0.05454545454545455
    }
}