{
    "loss": 0.09340143948793411,
    "confusion_matrix": {
        "TP": 2,
        "TN": 404,
        "FP": 5,
        "FN": 90
    },
    "metrics": {
        "accuracy": 0.810379241516966,
        "precision": 0.2857142857142857,
        "recall": 0.021739130434782608,
        "specificity": 0.9877750611246944,
        "f1": 0.04040404040404041
    }
}