{
    "loss": 0.22923722863197327,
    "confusion_matrix": {
        "TP": 29,
        "TN": 165,
        "FP": 46,
        "FN": 257
    },
    "metrics": {
        "accuracy": 0.3903420523138833,
        "precision": 0.38666666666666666,
        "recall": 0.10139860139860139,
        "specificity": 0.7819905213270142,
        "f1": 0.16066481994459833
    }
}