{
    "loss": 0.7206559181213379,
    "confusion_matrix": {
        "TP": 44,
        "TN": 47,
        "FP": 3,
        "FN": 387
    },
    "metrics": {
        "accuracy": 0.1891891891891892,
        "precision": 0.9361702127659575,
        "recall": 0.10208816705336426,
        "specificity": 0.94,
        "f1": 0.18410041841004185
    }
}