{
    "loss": 0.171879380941391,
    "confusion_matrix": {
        "TP": 0,
        "TN": 293,
        "FP": 1,
        "FN": 195
    },
    "metrics": {
        "accuracy": 0.5991820040899796,
        "precision": 0.0,
        "recall": 0.0,
        "specificity": 0.9965986394557823,
        "f1": 0
    }
}