{
    "loss": 0.02345888875424862,
    "confusion_matrix": {
        "TP": 0,
        "TN": 386,
        "FP": 6,
        "FN": 1
    },
    "metrics": {
        "accuracy": 0.9821882951653944,
        "precision": 0.0,
        "recall": 0.0,
        "specificity": 0.9846938775510204,
        "f1": 0
    }
}