{
    "loss": 0.27149707078933716,
    "confusion_matrix": {
        "TP": 8,
        "TN": 77,
        "FP": 0,
        "FN": 393
    },
    "metrics": {
        "accuracy": 0.17782426778242677,
        "precision": 1.0,
        "recall": 0.0199501246882793,
        "specificity": 1.0,
        "f1": 0.03911980440097799
    }
}