{
    "loss": 0.23918485641479492,
    "confusion_matrix": {
        "TP": 3,
        "TN": 239,
        "FP": 7,
        "FN": 255
    },
    "metrics": {
        "accuracy": 0.4801587301587302,
        "precision": 0.3,
        "recall": 0.011627906976744186,
        "specificity": 0.9715447154471545,
        "f1": 0.022388059701492536
    }
}