{
    "loss": 0.09905615893397553,
    "confusion_matrix": {
        "TP": 5,
        "TN": 393,
        "FP": 8,
        "FN": 112
    },
    "metrics": {
        "accuracy": 0.7683397683397684,
        "precision": 0.38461538461538464,
        "recall": 0.042735042735042736,
        "specificity": 0.9800498753117207,
        "f1": 0.07692307692307691
    }
}