{
    "loss": 0.2088538408279419,
    "confusion_matrix": {
        "TP": 0,
        "TN": 215,
        "FP": 0,
        "FN": 286
    },
    "metrics": {
        "accuracy": 0.4291417165668663,
        "precision": 0,
        "recall": 0.0,
        "specificity": 1.0,
        "f1": 0
    }
}