{
    "loss": 0.14586949348449707,
    "confusion_matrix": {
        "TP": 257,
        "TN": 75,
        "FP": 97,
        "FN": 82
    },
    "metrics": {
        "accuracy": 0.649706457925636,
        "precision": 0.7259887005649718,
        "recall": 0.7581120943952803,
        "specificity": 0.436046511627907,
        "f1": 0.7417027417027418
    }
}