{
    "loss": 0.22060686349868774,
    "confusion_matrix": {
        "TP": 110,
        "TN": 4,
        "FP": 6,
        "FN": 369
    },
    "metrics": {
        "accuracy": 0.2331288343558282,
        "precision": 0.9482758620689655,
        "recall": 0.22964509394572025,
        "specificity": 0.4,
        "f1": 0.3697478991596639
    }
}