{
    "loss": 0.20975852012634277,
    "confusion_matrix": {
        "TP": 129,
        "TN": 56,
        "FP": 5,
        "FN": 296
    },
    "metrics": {
        "accuracy": 0.38065843621399176,
        "precision": 0.9626865671641791,
        "recall": 0.3035294117647059,
        "specificity": 0.9180327868852459,
        "f1": 0.46153846153846156
    }
}