{
    "loss": 0.13386046886444092,
    "confusion_matrix": {
        "TP": 213,
        "TN": 93,
        "FP": 87,
        "FN": 109
    },
    "metrics": {
        "accuracy": 0.6095617529880478,
        "precision": 0.71,
        "recall": 0.6614906832298136,
        "specificity": 0.5166666666666667,
        "f1": 0.6848874598070739
    }
}