{
    "loss": 0.5547650200658124,
    "confusion_matrix": {
        "TP": 0,
        "TN": 110,
        "FP": 0,
        "FN": 419
    },
    "metrics": {
        "accuracy": 0.20793950850661624,
        "precision": 0,
        "recall": 0.0,
        "specificity": 1.0,
        "f1": 0
    }
}