{
    "loss": 0.013012840412557125,
    "confusion_matrix": {
        "TP": 0,
        "TN": 462,
        "FP": 0,
        "FN": 3
    },
    "metrics": {
        "accuracy": 0.9935483870967742,
        "precision": 0,
        "recall": 0.0,
        "specificity": 1.0,
        "f1": 0
    }
}