{
    "time": 29809.216593999416,
    "mean_train_perf": {
        "accuracy": 0.753047438745972,
        "precision": 0.6126670658783187,
        "recall": 0.9837124875422463,
        "specificity": 0.6092210198130233,
        "f1": 0.7542337340352252
    },
    "mean_test_perf": {
        "accuracy": 0.588851905285702,
        "precision": 0.48431650724786107,
        "recall": 0.8065400171786831,
        "specificity": 0.4565912114724132,
        "f1": 0.5960216556735015
    }
}