{
    "time": 29054.21979760006,
    "mean_train_perf": {
        "accuracy": 0.8253140668284982,
        "precision": 0.7518007439921899,
        "recall": 0.8533775719999435,
        "specificity": 0.8077321900729139,
        "f1": 0.7902113443642679
    },
    "mean_test_perf": {
        "accuracy": 0.7081675981251239,
        "precision": 0.7123313036570429,
        "recall": 0.5513274212392056,
        "specificity": 0.8276180325284359,
        "f1": 0.5328357474237919
    }
}