{
    "time": 40037.9305654997,
    "mean_accuracy": 0.5712194793004596,
    "mean_precision": 0.47436848900956186,
    "mean_recall": 0.798024264096729,
    "mean_specificity": 0.43477570517140923,
    "mean_f1": 0.5865092651349644
}