{
    "time": 31044.77823169995,
    "mean_train_perf": {
        "accuracy": 0.7019962963344681,
        "precision": 0.6234598462199481,
        "recall": 0.7204135027215727,
        "specificity": 0.6809560593406511,
        "f1": 0.5827745729536196
    },
    "mean_test_perf": {
        "accuracy": 0.5467925099536708,
        "precision": 0.5236919251778731,
        "recall": 0.5653686106927032,
        "specificity": 0.566319346594798,
        "f1": 0.4331189902213849
    }
}