{
    "train_indices": [
        0,
        1,
        4,
        6,
        8,
        9,
        10,
        11,
        13,
        14,
        15,
        16,
        17,
        18,
        19,
        20,
        21,
        22,
        25,
        26,
        27,
        28,
        29,
        30,
        31,
        32,
        33,
        34
    ],
    "test_indices": [
        2,
        3,
        5,
        7,
        12,
        23,
        24
    ],
    "summary": {
        "network": {
            "CONV1": [
                15,
                16,
                1,
                7
            ],
            "CONV2": [
                7,
                32,
                1,
                3
            ],
            "CONV3": [
                3,
                64,
                1,
                1
            ],
            "LINEAR": 64
        },
        "time": 1171.2700624996796,
        "best_config": {
            "BATCH_SIZE": 64,
            "DROPOUT": 0.3,
            "EPOCHS": 100,
            "LR": 2.6919058249260695e-05,
            "PATIENCE": 5,
            "WEIGHT_DECAY": 0.001105851072569646
        },
        "performance": {
            "loss": 1.1318568883736457,
            "confusion_matrix": {
                "TP": 205,
                "TN": 1670,
                "FP": 300,
                "FN": 1199
            },
            "metrics": {
                "accuracy": 0.555720213396562,
                "precision": 0.40594059405940597,
                "recall": 0.146011396011396,
                "specificity": 0.8477157360406091,
                "f1": 0.214772132006286
            }
        }
    },
    "configs": {
        "1": {
            "summary": {
                "time": 106.08474600035697,
                "mean_loss": 0.7919280919872003
            },
            "hyperparameters": {
                "BATCH_SIZE": 16,
                "DROPOUT": 0.5,
                "EPOCHS": 50,
                "LR": 0.0006431172050131992,
                "PATIENCE": 10,
                "WEIGHT_DECAY": 0.001766555936564321
            },
            "inner_folds": {
                "1": {
                    "time": 29.223471900448203,
                    "epochs": 13,
                    "loss": 0.8083218324531629
                },
                "2": {
                    "time": 27.647748299874365,
                    "epochs": 14,
                    "loss": 1.014208762166656
                },
                "3": {
                    "time": 21.738628500141203,
                    "epochs": 11,
                    "loss": 0.5151121051286948
                },
                "4": {
                    "time": 27.473705699667335,
                    "epochs": 14,
                    "loss": 0.8300696682002876
                }
            }
        },
        "2": {
            "summary": {
                "time": 92.0741213997826,
                "mean_loss": 0.618239074333447
            },
            "hyperparameters": {
                "BATCH_SIZE": 64,
                "DROPOUT": 0.3,
                "EPOCHS": 150,
                "LR": 1.4795816345422874e-05,
                "PATIENCE": 5,
                "WEIGHT_DECAY": 0.0005846326121643416
            },
            "inner_folds": {
                "1": {
                    "time": 19.305047400295734,
                    "epochs": 15,
                    "loss": 0.5899503277343454
                },
                "2": {
                    "time": 25.57908559963107,
                    "epochs": 20,
                    "loss": 0.5708439567378748
                },
                "3": {
                    "time": 39.37505290005356,
                    "epochs": 31,
                    "loss": 0.6071793153577921
                },
                "4": {
                    "time": 7.813571299426258,
                    "epochs": 6,
                    "loss": 0.704982697503776
                }
            }
        },
        "3": {
            "summary": {
                "time": 64.46204310003668,
                "mean_loss": 0.6484538648512177
            },
            "hyperparameters": {
                "BATCH_SIZE": 64,
                "DROPOUT": 0.7,
                "EPOCHS": 50,
                "LR": 0.00015078369731868292,
                "PATIENCE": 10,
                "WEIGHT_DECAY": 0.00013869861245357332
            },
            "inner_folds": {
                "1": {
                    "time": 14.231476800516248,
                    "epochs": 11,
                    "loss": 0.6224462994672719
                },
                "2": {
                    "time": 16.830734100192785,
                    "epochs": 13,
                    "loss": 0.6456499690207366
                },
                "3": {
                    "time": 18.057189700193703,
                    "epochs": 14,
                    "loss": 0.5824907592929487
                },
                "4": {
                    "time": 15.341375200077891,
                    "epochs": 12,
                    "loss": 0.7432284316239135
                }
            }
        },
        "4": {
            "summary": {
                "time": 121.57005660049617,
                "mean_loss": 0.9676483576167838
            },
            "hyperparameters": {
                "BATCH_SIZE": 32,
                "DROPOUT": 0.3,
                "EPOCHS": 50,
                "LR": 0.0031467304061660057,
                "PATIENCE": 15,
                "WEIGHT_DECAY": 0.00019085412933888738
            },
            "inner_folds": {
                "1": {
                    "time": 36.16099500004202,
                    "epochs": 27,
                    "loss": 1.065161761294291
                },
                "2": {
                    "time": 25.517383600585163,
                    "epochs": 19,
                    "loss": 0.90899029652649
                },
                "3": {
                    "time": 22.703004900366068,
                    "epochs": 17,
                    "loss": 0.7494675942141367
                },
                "4": {
                    "time": 37.18741730041802,
                    "epochs": 28,
                    "loss": 1.1469737784322176
                }
            }
        },
        "5": {
            "summary": {
                "time": 152.15997759997845,
                "mean_loss": 0.8575439942133197
            },
            "hyperparameters": {
                "BATCH_SIZE": 16,
                "DROPOUT": 0.7,
                "EPOCHS": 50,
                "LR": 0.0025277391559845514,
                "PATIENCE": 10,
                "WEIGHT_DECAY": 0.0036396393567863887
            },
            "inner_folds": {
                "1": {
                    "time": 29.93451109994203,
                    "epochs": 15,
                    "loss": 1.1474315489380105
                },
                "2": {
                    "time": 35.61970550008118,
                    "epochs": 18,
                    "loss": 0.8727340201072604
                },
                "3": {
                    "time": 53.24942940007895,
                    "epochs": 27,
                    "loss": 0.4716181650798518
                },
                "4": {
                    "time": 33.35510169994086,
                    "epochs": 17,
                    "loss": 0.9383922427281562
                }
            }
        },
        "6": {
            "summary": {
                "time": 79.42361140064895,
                "mean_loss": 0.6063643554513533
            },
            "hyperparameters": {
                "BATCH_SIZE": 64,
                "DROPOUT": 0.3,
                "EPOCHS": 100,
                "LR": 2.6919058249260695e-05,
                "PATIENCE": 5,
                "WEIGHT_DECAY": 0.001105851072569646
            },
            "inner_folds": {
                "1": {
                    "time": 18.02391939982772,