{
    "train_indices": [
        0,
        2,
        3,
        4,
        5,
        6,
        7,
        8,
        9,
        10,
        11,
        12,
        15,
        16,
        17,
        19,
        20,
        23,
        24,
        25,
        27,
        28,
        29,
        30,
        31,
        32,
        33,
        34
    ],
    "test_indices": [
        1,
        13,
        14,
        18,
        21,
        22,
        26
    ],
    "summary": {
        "model": {
            "id": 2,
            "network": {
                "CONV1": [
                    21,
                    32,
                    1,
                    10
                ],
                "CONV2": [
                    15,
                    64,
                    1,
                    7
                ],
                "LINEAR": 64
            }
        },
        "time": 1947.9943638993427,
        "best_config": {
            "BATCH_SIZE": 16,
            "DROPOUT": 0.2,
            "EPOCHS": 50,
            "LR": 2.442928415618596e-05,
            "PATIENCE": 5,
            "WEIGHT_DECAY": 6.21634269772239e-05
        },
        "performance": {
            "loss": 0.832525475847461,
            "confusion_matrix": {
                "TP": 1119,
                "TN": 994,
                "FP": 969,
                "FN": 424
            },
            "metrics": {
                "accuracy": 0.6026811180832858,
                "precision": 0.5359195402298851,
                "recall": 0.7252106286454958,
                "specificity": 0.5063678043810494,
                "f1": 0.6163591297163316
            }
        }
    },
    "configs": {
        "1": {
            "summary": {
                "time": 146.94269040040672,
                "mean_loss": 0.6355091536516653
            },
            "hyperparameters": {
                "BATCH_SIZE": 32,
                "DROPOUT": 0.1,
                "EPOCHS": 50,
                "LR": 1.0002633924311287e-05,
                "PATIENCE": 10,
                "WEIGHT_DECAY": 1.9656753051200302e-05
            },
            "inner_folds": {
                "1": {
                    "time": 78.43271399941295,
                    "epochs": 39,
                    "loss": 0.49957596714439223
                },
                "2": {
                    "time": 22.116468300111592,
                    "epochs": 11,
                    "loss": 0.678215802164006
                },
                "3": {
                    "time": 22.05965379998088,
                    "epochs": 11,
                    "loss": 0.703345157939182
                },
                "4": {
                    "time": 24.332749899476767,
                    "epochs": 12,
                    "loss": 0.6608996873590808
                }
            }
        },
        "2": {
            "summary": {
                "time": 112.82679180055857,
                "mean_loss": 0.607031707127712
            },
            "hyperparameters": {
                "BATCH_SIZE": 16,
                "DROPOUT": 0.2,
                "EPOCHS": 50,
                "LR": 2.442928415618596e-05,
                "PATIENCE": 5,
                "WEIGHT_DECAY": 6.21634269772239e-05
            },
            "inner_folds": {
                "1": {
                    "time": 56.451294699683785,
                    "epochs": 25,
                    "loss": 0.43546005646561636
                },
                "2": {
                    "time": 24.688852199353278,
                    "epochs": 11,
                    "loss": 0.6541774944548251
                },
                "3": {
                    "time": 18.005013099871576,
                    "epochs": 8,
                    "loss": 0.6699171811683227
                },
                "4": {
                    "time": 13.680327899754047,
                    "epochs": 6,
                    "loss": 0.6685720964220843
                }
            }
        },
        "3": {
            "summary": {
                "time": 70.00226110033691,
                "mean_loss": 0.6359974286298227
            },
            "hyperparameters": {
                "BATCH_SIZE": 64,
                "DROPOUT": 0.1,
                "EPOCHS": 150,
                "LR": 2.0571857954933484e-05,
                "PATIENCE": 5,
                "WEIGHT_DECAY": 2.56392017331631e-05
            },
            "inner_folds": {
                "1": {
                    "time": 36.624930299818516,
                    "epochs": 21,
                    "loss": 0.49954364761109277
                },
                "2": {
                    "time": 10.5352030005306,
                    "epochs": 6,
                    "loss": 0.6864893426262209
                },
                "3": {
                    "time": 10.540441799908876,
                    "epochs": 6,
                    "loss": 0.6960962701853135
                },
                "4": {
                    "time": 12.300470899790525,
                    "epochs": 7,
                    "loss": 0.6618604540966637
                }
            }
        },
        "4": {
            "summary": {
                "time": 72.53981059975922,
                "mean_loss": 0.6229318748807866
            },
            "hyperparameters": {
                "BATCH_SIZE": 64,
                "DROPOUT": 0.1,
                "EPOCHS": 100,
                "LR": 3.4230552500004754e-05,
                "PATIENCE": 5,
                "WEIGHT_DECAY": 6.832971428089606e-05
            },
            "inner_folds": {
                "1": {
                    "time": 31.36892869975418,
                    "epochs": 18,
                    "loss": 0.43535779702100724
                },
                "2": {
                    "time": 17.374566299840808,
                    "epochs": 10,
                    "loss": 0.6777551569229885
                },
                "3": {
                    "time": 10.542806600220501,
                    "epochs": 6,
                    "loss": 0.6993538465870872
                },
                "4": {
                    "time": 13.252279300242662,
                    "epochs": 7,
                    "loss": 0.6792606989920635
                }
            }
        },
        "5": {
            "summary": {
                "time": 148.33979979995638,
                "mean_loss": 0.6172172440753982
            },
            "hyperparameters": {
                "BATCH_SIZE": 32,
                "DROPOUT": 0.2,
                "EPOCHS": 150,
                "LR": 1.5779799804245764e-05,
                "PATIENCE": 10,
                "WEIGHT_DECAY": 0.0002703591248314737
            },
            "inner_folds": {
                "1": {
                    "time": 50.439628900028765,
                    "epochs": 25,
                    "loss": 0.48763694329796897
                },
                "2": {
                    "time": 51.701521599665284,
                    "epochs": 26,
                    "loss": 0.6195321048423001
                },
                "3": {
                    "time": 22.04530999995768,
                    "epochs": 11,
                    "loss": 0.694196275224402
                },
                "4": {
                    "time": 24.15215240046382,
                    "epochs": 12,
                    "loss": 0.6675036529369218
                }
            }
        },
        "6": {
            "summary": {
                "time": 65.09097149968147,
                "mean_loss": 0.6283056065572009
            },
            "hyperparameters": {
                "BATCH_SIZE": 32,
                "DROPOUT": 0.3,
                "EPOCHS": 100,
                "LR": 7.522966922648877e-05,
                "PATIENCE": 5,
                "WEIGHT_DECAY": 0.00045529597892867405
            },
            "inner_folds": {
                "1": {
                    "time": 24.456372500397265,