{
    "time": 28104.79106419999,
    "mean_accuracy": 0.6245654970814251,
    "mean_precision": 0.5158046038947142,
    "mean_recall": 0.7099069737963902,
    "mean_specificity": 0.5804795232585365,
    "mean_f1": 0.5838585662906588
}