{
    "train_indices": [
        0,
        2,
        3,
        4,
        5,
        6,
        7,
        8,
        9,
        10,
        11,
        12,
        15,
        16,
        17,
        19,
        20,
        23,
        24,
        25,
        27,
        28,
        29,
        30,
        31,
        32,
        33,
        34
    ],
    "test_indices": [
        1,
        13,
        14,
        18,
        21,
        22,
        26
    ],
    "summary": {
        "model": {
            "id": 2,
            "network": {
                "CONV1": [
                    21,
                    32,
                    1,
                    10
                ],
                "CONV2": [
                    15,
                    64,
                    1,
                    7
                ],
                "LINEAR": 32
            }
        },
        "time": 1867.9374006995931,
        "best_config": {
            "BATCH_SIZE": 64,
            "DROPOUT": 0.3,
            "EPOCHS": 100,
            "LR": 0.000258099925371248,
            "PATIENCE": 5,
            "WEIGHT_DECAY": 0.000379541509996169
        },
        "performance": {
            "loss": 1.5462805159045707,
            "confusion_matrix": {
                "TP": 1151,
                "TN": 808,
                "FP": 1155,
                "FN": 392
            },
            "metrics": {
                "accuracy": 0.5587564175698803,
                "precision": 0.4991326973113617,
                "recall": 0.745949449125081,
                "specificity": 0.4116148751910341,
                "f1": 0.5980774227071968
            }
        }
    },
    "configs": {
        "1": {
            "summary": {
                "time": 93.15082070045173,
                "mean_loss": 0.6509452827992345
            },
            "hyperparameters": {
                "BATCH_SIZE": 32,
                "DROPOUT": 0.1,
                "EPOCHS": 50,
                "LR": 0.00010002633924311297,
                "PATIENCE": 10,
                "WEIGHT_DECAY": 0.00019656753051200325
            },
            "inner_folds": {
                "1": {
                    "time": 27.965563099831343,
                    "epochs": 14,
                    "loss": 0.47727340040597444
                },
                "2": {
                    "time": 21.70827730000019,
                    "epochs": 11,
                    "loss": 0.7737411170025793
                },
                "3": {
                    "time": 21.664470699615777,
                    "epochs": 11,
                    "loss": 0.6841658589428022
                },
                "4": {
                    "time": 21.811400699429214,
                    "epochs": 11,
                    "loss": 0.6686007548455818
                }
            }
        },
        "2": {
            "summary": {
                "time": 76.92433649953455,
                "mean_loss": 0.9538861039394991
            },
            "hyperparameters": {
                "BATCH_SIZE": 16,
                "DROPOUT": 0.2,
                "EPOCHS": 50,
                "LR": 0.00024429284156185944,
                "PATIENCE": 5,
                "WEIGHT_DECAY": 0.0006216342697722397
            },
            "inner_folds": {
                "1": {
                    "time": 30.76267489977181,
                    "epochs": 14,
                    "loss": 0.6175385675194786
                },
                "2": {
                    "time": 13.186997700482607,
                    "epochs": 6,
                    "loss": 1.5727451310152087
                },
                "3": {
                    "time": 13.174536100588739,
                    "epochs": 6,
                    "loss": 0.9997434920889221
                },
                "4": {
                    "time": 19.798853100277483,
                    "epochs": 9,
                    "loss": 0.6255172251343869
                }
            }
        },
        "3": {
            "summary": {
                "time": 67.66855389997363,
                "mean_loss": 0.6350874706118234
            },
            "hyperparameters": {
                "BATCH_SIZE": 64,
                "DROPOUT": 0.1,
                "EPOCHS": 150,
                "LR": 0.00020571857954933506,
                "PATIENCE": 5,
                "WEIGHT_DECAY": 0.0002563920173316313
            },
            "inner_folds": {
                "1": {
                    "time": 24.302423300221562,
                    "epochs": 14,
                    "loss": 0.4177608010022854
                },
                "2": {
                    "time": 10.487411799840629,
                    "epochs": 6,
                    "loss": 0.7721703285389101
                },
                "3": {
                    "time": 10.469421200454235,
                    "epochs": 6,
                    "loss": 0.6798627565463566
                },
                "4": {
                    "time": 22.40807699970901,
                    "epochs": 13,
                    "loss": 0.6705559963597412
                }
            }
        },
        "4": {
            "summary": {
                "time": 52.44738660007715,
                "mean_loss": 0.7587760389588802
            },
            "hyperparameters": {
                "BATCH_SIZE": 64,
                "DROPOUT": 0.1,
                "EPOCHS": 100,
                "LR": 0.00034230552500004766,
                "PATIENCE": 5,
                "WEIGHT_DECAY": 0.0006832971428089614
            },
            "inner_folds": {
                "1": {
                    "time": 17.45942180044949,
                    "epochs": 10,
                    "loss": 0.5116110388917378
                },
                "2": {
                    "time": 10.50566009990871,
                    "epochs": 6,
                    "loss": 1.0617520585182156
                },
                "3": {
                    "time": 10.476928600110114,
                    "epochs": 6,
                    "loss": 0.7776699061217788
                },
                "4": {
                    "time": 14.004147299565375,
                    "epochs": 8,
                    "loss": 0.6840711523037887
                }
            }
        },
        "5": {
            "summary": {
                "time": 122.13833370059729,
                "mean_loss": 0.6679305148528829
            },
            "hyperparameters": {
                "BATCH_SIZE": 32,
                "DROPOUT": 0.2,
                "EPOCHS": 150,
                "LR": 0.00015779799804245754,
                "PATIENCE": 10,
                "WEIGHT_DECAY": 0.00270359124831474
            },
            "inner_folds": {
                "1": {
                    "time": 41.62441529985517,
                    "epochs": 21,
                    "loss": 0.5032596797002558
                },
                "2": {
                    "time": 21.76358880009502,
                    "epochs": 11,
                    "loss": 0.8255959974850721
                },
                "3": {
                    "time": 21.554667500779033,
                    "epochs": 11,
                    "loss": 0.7238960509919465
                },
                "4": {
                    "time": 37.19440339971334,
                    "epochs": 19,
                    "loss": 0.6189703312342573
                }
            }
        },
        "6": {
            "summary": {
                "time": 54.58465079963207,
                "mean_loss": 0.6768755413123597
            },
            "hyperparameters": {
                "BATCH_SIZE": 128,
                "DROPOUT": 0.2,
                "EPOCHS": 150,
                "LR": 0.00032972551020584877,
                "PATIENCE": 5,
                "WEIGHT_DECAY": 0.006154791240242938
            },
            "inner_folds": {
                "1": {
                    "time": 15.042641799896955,