{
    "train_indices": [
        0,
        1,
        2,
        3,
        5,
        7,
        8,
        9,
        10,
        12,
        13,
        14,
        15,
        16,
        17,
        18,
        21,
        22,
        23,
        24,
        25,
        26,
        27,
        28,
        29,
        31,
        32,
        34
    ],
    "test_indices": [
        4,
        6,
        11,
        19,
        20,
        30,
        33
    ],
    "summary": {
        "model": {
            "id": 2,
            "network": {
                "CONV1": [
                    21,
                    32,
                    1,
                    10
                ],
                "CONV2": [
                    15,
                    64,
                    1,
                    7
                ],
                "LINEAR": 32
            }
        },
        "time": 1917.1761825000867,
        "best_config": {
            "BATCH_SIZE": 128,
            "DROPOUT": 0.3,
            "EPOCHS": 100,
            "LR": 0.00016019488095342125,
            "PATIENCE": 10,
            "WEIGHT_DECAY": 0.0001737405072719041
        },
        "performance": {
            "loss": 1.3328941593349237,
            "confusion_matrix": {
                "TP": 599,
                "TN": 1754,
                "FP": 248,
                "FN": 869
            },
            "metrics": {
                "accuracy": 0.6780979827089337,
                "precision": 0.7072018890200709,
                "recall": 0.4080381471389646,
                "specificity": 0.8761238761238761,
                "f1": 0.5174946004319655
            }
        }
    },
    "configs": {
        "1": {
            "summary": {
                "time": 158.98952300008386,
                "mean_loss": 0.7208752123508363
            },
            "hyperparameters": {
                "BATCH_SIZE": 16,
                "DROPOUT": 0.2,
                "EPOCHS": 50,
                "LR": 0.00035453774482933524,
                "PATIENCE": 15,
                "WEIGHT_DECAY": 0.0009321765929780801
            },
            "inner_folds": {
                "1": {
                    "time": 49.93664610013366,
                    "epochs": 23,
                    "loss": 0.7500579675835963
                },
                "2": {
                    "time": 34.846855599433184,
                    "epochs": 16,
                    "loss": 0.7883126674321842
                },
                "3": {
                    "time": 39.008819499984384,
                    "epochs": 18,
                    "loss": 0.6051072696684555
                },
                "4": {
                    "time": 35.19605250004679,
                    "epochs": 16,
                    "loss": 0.7400229447191093
                }
            }
        },
        "2": {
            "summary": {
                "time": 135.2157560000196,
                "mean_loss": 0.6153407050383621
            },
            "hyperparameters": {
                "BATCH_SIZE": 128,
                "DROPOUT": 0.3,
                "EPOCHS": 100,
                "LR": 0.00016019488095342125,
                "PATIENCE": 10,
                "WEIGHT_DECAY": 0.0001737405072719041
            },
            "inner_folds": {
                "1": {
                    "time": 49.36639430001378,
                    "epochs": 30,
                    "loss": 0.6771463439611602
                },
                "2": {
                    "time": 26.574973499402404,
                    "epochs": 16,
                    "loss": 0.6487728669720806
                },
                "3": {
                    "time": 39.31109820026904,
                    "epochs": 24,
                    "loss": 0.4908397080805265
                },
                "4": {
                    "time": 19.962041900493205,
                    "epochs": 12,
                    "loss": 0.6446039011396814
                }
            }
        },
        "3": {
            "summary": {
                "time": 102.39228069968522,
                "mean_loss": 0.6490123769274783
            },
            "hyperparameters": {
                "BATCH_SIZE": 128,
                "DROPOUT": 0.3,
                "EPOCHS": 50,
                "LR": 0.00041795914565344186,
                "PATIENCE": 10,
                "WEIGHT_DECAY": 0.0023230148647550926
            },
            "inner_folds": {
                "1": {
                    "time": 28.009556600824,
                    "epochs": 17,
                    "loss": 0.7639089133683894
                },
                "2": {
                    "time": 23.100280799902976,
                    "epochs": 14,
                    "loss": 0.6432546853461297
                },
                "3": {
                    "time": 21.425457700155675,
                    "epochs": 13,
                    "loss": 0.4987376277749833
                },
                "4": {
                    "time": 29.85578199941665,
                    "epochs": 18,
                    "loss": 0.6901482812204105
                }
            }
        },
        "4": {
            "summary": {
                "time": 122.43521900009364,
                "mean_loss": 0.6275541480892058
            },
            "hyperparameters": {
                "BATCH_SIZE": 64,
                "DROPOUT": 0.1,
                "EPOCHS": 150,
                "LR": 0.000152911400380726,
                "PATIENCE": 15,
                "WEIGHT_DECAY": 0.0051044691720413884
            },
            "inner_folds": {
                "1": {
                    "time": 29.316363600082695,
                    "epochs": 17,
                    "loss": 0.7296943805603968
                },
                "2": {
                    "time": 30.988091900013387,
                    "epochs": 18,
                    "loss": 0.6359757849018837
                },
                "3": {
                    "time": 34.29408529959619,
                    "epochs": 20,
                    "loss": 0.5043296757929956
                },
                "4": {
                    "time": 27.835382199846208,
                    "epochs": 16,
                    "loss": 0.6402167511015474
                }
            }
        },
        "5": {
            "summary": {
                "time": 120.7873178999871,
                "mean_loss": 0.7383412712549204
            },
            "hyperparameters": {
                "BATCH_SIZE": 64,
                "DROPOUT": 0.1,
                "EPOCHS": 100,
                "LR": 0.0009324647128262911,
                "PATIENCE": 15,
                "WEIGHT_DECAY": 0.00013507438808567395
            },
            "inner_folds": {
                "1": {
                    "time": 29.30397460050881,
                    "epochs": 17,
                    "loss": 0.9353628233844603
                },
                "2": {
                    "time": 27.57170489989221,
                    "epochs": 16,
                    "loss": 0.6817097394185374
                },
                "3": {
                    "time": 27.503691899590194,
                    "epochs": 16,
                    "loss": 0.5216180684842467
                },
                "4": {
                    "time": 36.40667170006782,
                    "epochs": 21,
                    "loss": 0.814674453732437
                }
            }
        },
        "6": {
            "summary": {
                "time": 138.26623110007495,
                "mean_loss": 0.6477671557533813
            },
            "hyperparameters": {
                "BATCH_SIZE": 128,
                "DROPOUT": 0.2,
                "EPOCHS": 150,
                "LR": 0.0001340170246158715,
                "PATIENCE": 15,
                "WEIGHT_DECAY": 0.0013537244049515074
            },