{
    "time": 30545.495457400568,
    "mean_train_perf": {
        "accuracy": 0.697348878964465,
        "precision": 0.5807023657389622,
        "recall": 0.9549827508155271,
        "specificity": 0.5323906835168289,
        "f1": 0.7143158899802231
    },
    "mean_test_perf": {
        "accuracy": 0.5755168383233746,
        "precision": 0.48077934662326316,
        "recall": 0.7718013776845828,
        "specificity": 0.4660114786408946,
        "f1": 0.5792442555695735
    }
}