{
    "train_indices": [
        0,
        1,
        4,
        6,
        8,
        9,
        10,
        11,
        13,
        14,
        15,
        16,
        17,
        18,
        19,
        20,
        21,
        22,
        25,
        26,
        27,
        28,
        29,
        30,
        31,
        32,
        33,
        34
    ],
    "test_indices": [
        2,
        3,
        5,
        7,
        12,
        23,
        24
    ],
    "summary": {
        "model": {
            "id": 2,
            "network": {
                "CONV1": [
                    21,
                    32,
                    1,
                    10
                ],
                "CONV2": [
                    15,
                    64,
                    1,
                    7
                ],
                "LINEAR": 32
            }
        },
        "time": 1716.6922572003677,
        "best_config": {
            "BATCH_SIZE": 128,
            "DROPOUT": 0.1,
            "EPOCHS": 100,
            "LR": 0.00010317432484537973,
            "PATIENCE": 10,
            "WEIGHT_DECAY": 0.004741216804249708
        },
        "performance": {
            "loss": 0.6108168087276963,
            "confusion_matrix": {
                "TP": 1213,
                "TN": 1108,
                "FP": 862,
                "FN": 191
            },
            "metrics": {
                "accuracy": 0.6879075281564908,
                "precision": 0.584578313253012,
                "recall": 0.863960113960114,
                "specificity": 0.5624365482233502,
                "f1": 0.6973268180511641
            }
        }
    },
    "configs": {
        "1": {
            "summary": {
                "time": 120.24776139948517,
                "mean_loss": 0.912662782785663
            },
            "hyperparameters": {
                "BATCH_SIZE": 16,
                "DROPOUT": 0.2,
                "EPOCHS": 50,
                "LR": 0.00040064836619643974,
                "PATIENCE": 10,
                "WEIGHT_DECAY": 0.001766555936564321
            },
            "inner_folds": {
                "1": {
                    "time": 26.20426690019667,
                    "epochs": 11,
                    "loss": 0.6949983948064082
                },
                "2": {
                    "time": 24.168217399157584,
                    "epochs": 11,
                    "loss": 0.8868287871722306
                },
                "3": {
                    "time": 32.80472769960761,
                    "epochs": 15,
                    "loss": 0.7135336873265467
                },
                "4": {
                    "time": 37.06935319956392,
                    "epochs": 17,
                    "loss": 1.3552902618374663
                }
            }
        },
        "2": {
            "summary": {
                "time": 69.87995700072497,
                "mean_loss": 0.618035763100071
            },
            "hyperparameters": {
                "BATCH_SIZE": 64,
                "DROPOUT": 0.1,
                "EPOCHS": 150,
                "LR": 0.00011394964521117117,
                "PATIENCE": 5,
                "WEIGHT_DECAY": 0.0005846326121643416
            },
            "inner_folds": {
                "1": {
                    "time": 12.388322100043297,
                    "epochs": 7,
                    "loss": 0.6509544733658578
                },
                "2": {
                    "time": 12.327199100516737,
                    "epochs": 7,
                    "loss": 0.6097942496014532
                },
                "3": {
                    "time": 27.767361300066113,
                    "epochs": 16,
                    "loss": 0.5597647847917268
                },
                "4": {
                    "time": 17.395799099467695,
                    "epochs": 10,
                    "loss": 0.6516295446412466
                }
            }
        },
        "3": {
            "summary": {
                "time": 86.94391820020974,
                "mean_loss": 0.6298134864416951
            },
            "hyperparameters": {
                "BATCH_SIZE": 64,
                "DROPOUT": 0.3,
                "EPOCHS": 50,
                "LR": 0.00024704996466019417,
                "PATIENCE": 10,
                "WEIGHT_DECAY": 0.00013869861245357332
            },
            "inner_folds": {
                "1": {
                    "time": 19.24894899968058,
                    "epochs": 11,
                    "loss": 0.6344235080827787
                },
                "2": {
                    "time": 19.148461600765586,
                    "epochs": 11,
                    "loss": 0.5760356076409884
                },
                "3": {
                    "time": 27.678753100335598,
                    "epochs": 16,
                    "loss": 0.5995622290553574
                },
                "4": {
                    "time": 20.866508199833333,
                    "epochs": 12,
                    "loss": 0.709232600987656
                }
            }
        },
        "4": {
            "summary": {
                "time": 150.88180769979954,
                "mean_loss": 0.8234900291811582
            },
            "hyperparameters": {
                "BATCH_SIZE": 32,
                "DROPOUT": 0.1,
                "EPOCHS": 50,
                "LR": 0.0006801737161546005,
                "PATIENCE": 15,
                "WEIGHT_DECAY": 0.00019085412933888738
            },
            "inner_folds": {
                "1": {
                    "time": 53.69680660031736,
                    "epochs": 27,
                    "loss": 0.9229113572430843
                },
                "2": {
                    "time": 33.72038030065596,
                    "epochs": 17,
                    "loss": 0.7670714988886753
                },
                "3": {
                    "time": 31.73711850028485,
                    "epochs": 16,
                    "loss": 0.608598729175225
                },
                "4": {
                    "time": 31.726200100034475,
                    "epochs": 16,
                    "loss": 0.9953785314176484
                }
            }
        },
        "5": {
            "summary": {
                "time": 122.69552639964968,
                "mean_loss": 0.9689142076812738
            },
            "hyperparameters": {
                "BATCH_SIZE": 16,
                "DROPOUT": 0.3,
                "EPOCHS": 50,
                "LR": 0.0006322819033590647,
                "PATIENCE": 10,
                "WEIGHT_DECAY": 0.0036396393567863887
            },
            "inner_folds": {
                "1": {
                    "time": 24.417120900005102,
                    "epochs": 11,
                    "loss": 0.9634424766290535
                },
                "2": {
                    "time": 30.666150599718094,
                    "epochs": 14,
                    "loss": 0.7706678591529342
                },
                "3": {
                    "time": 30.640482699498534,
                    "epochs": 14,
                    "loss": 0.543412163069488
                },
                "4": {
                    "time": 36.97050939965993,
                    "epochs": 17,
                    "loss": 1.598134331873619
                }
            }
        },
        "6": {
            "summary": {
                "time": 63.01074059959501,
                "mean_loss": 0.628385518693566
            },
            "hyperparameters": {
                "BATCH_SIZE": 64,
                "DROPOUT": 0.1,
                "EPOCHS": 100,
                "LR": 0.00013910837820057894,
                "PATIENCE": 5,
                "WEIGHT_DECAY": 0.001105851072569646
            },
            "inner_folds": {
                "1": {
                    "time": 12.375606699846685,