{
    "train_indices": [
        0,
        1,
        2,
        3,
        4,
        5,
        6,
        7,
        9,
        11,
        12,
        13,
        14,
        15,
        17,
        18,
        19,
        20,
        21,
        22,
        23,
        24,
        25,
        26,
        27,
        28,
        30,
        33
    ],
    "test_indices": [
        8,
        10,
        16,
        29,
        31,
        32,
        34
    ],
    "summary": {
        "model": {
            "id": 2,
            "network": {
                "CONV1": [
                    21,
                    32,
                    1,
                    10
                ],
                "CONV2": [
                    15,
                    64,
                    1,
                    7
                ],
                "LINEAR": 32
            }
        },
        "time": 1674.5189610002562,
        "best_config": {
            "BATCH_SIZE": 32,
            "DROPOUT": 0.3,
            "EPOCHS": 100,
            "LR": 0.00010980717964481656,
            "PATIENCE": 10,
            "WEIGHT_DECAY": 0.00012674604213004068
        },
        "performance": {
            "loss": 0.6815980392162192,
            "confusion_matrix": {
                "TP": 394,
                "TN": 2009,
                "FP": 503,
                "FN": 375
            },
            "metrics": {
                "accuracy": 0.7323986589454434,
                "precision": 0.43924191750278707,
                "recall": 0.5123537061118335,
                "specificity": 0.7997611464968153,
                "f1": 0.4729891956782713
            }
        }
    },
    "configs": {
        "1": {
            "summary": {
                "time": 56.755576299503446,
                "mean_loss": 0.7263430560472541
            },
            "hyperparameters": {
                "BATCH_SIZE": 64,
                "DROPOUT": 0.1,
                "EPOCHS": 100,
                "LR": 0.0006917498024265431,
                "PATIENCE": 5,
                "WEIGHT_DECAY": 0.0010511270449351977
            },
            "inner_folds": {
                "1": {
                    "time": 14.134300300851464,
                    "epochs": 8,
                    "loss": 0.7601036882620253
                },
                "2": {
                    "time": 12.437602399848402,
                    "epochs": 7,
                    "loss": 0.7669660176588754
                },
                "3": {
                    "time": 10.745767200365663,
                    "epochs": 6,
                    "loss": 0.7807334769788706
                },
                "4": {
                    "time": 19.436816800385714,
                    "epochs": 11,
                    "loss": 0.5975690412892448
                }
            }
        },
        "2": {
            "summary": {
                "time": 126.54162020049989,
                "mean_loss": 0.6354293701008977
            },
            "hyperparameters": {
                "BATCH_SIZE": 32,
                "DROPOUT": 0.3,
                "EPOCHS": 100,
                "LR": 0.00010980717964481656,
                "PATIENCE": 10,
                "WEIGHT_DECAY": 0.00012674604213004068
            },
            "inner_folds": {
                "1": {
                    "time": 22.120653100311756,
                    "epochs": 11,
                    "loss": 0.7376761617748419
                },
                "2": {
                    "time": 24.18420940078795,
                    "epochs": 12,
                    "loss": 0.6438656255085168
                },
                "3": {
                    "time": 24.182448799721897,
                    "epochs": 12,
                    "loss": 0.660544449994585
                },
                "4": {
                    "time": 56.05300940014422,
                    "epochs": 28,
                    "loss": 0.49963124312564733
                }
            }
        },
        "3": {
            "summary": {
                "time": 158.97176179941744,
                "mean_loss": 0.6854346515321099
            },
            "hyperparameters": {
                "BATCH_SIZE": 16,
                "DROPOUT": 0.1,
                "EPOCHS": 50,
                "LR": 0.0001397558976676975,
                "PATIENCE": 15,
                "WEIGHT_DECAY": 0.001987412857879569
            },
            "inner_folds": {
                "1": {
                    "time": 35.2798768999055,
                    "epochs": 16,
                    "loss": 0.7453122533136799
                },
                "2": {
                    "time": 35.31160250026733,
                    "epochs": 16,
                    "loss": 0.6721566684229635
                },
                "3": {
                    "time": 41.87520410027355,
                    "epochs": 19,
                    "loss": 0.722516891325528
                },
                "4": {
                    "time": 46.50388229917735,
                    "epochs": 21,
                    "loss": 0.6017527930662679
                }
            }
        },
        "4": {
            "summary": {
                "time": 64.98993030004203,
                "mean_loss": 0.7197385619141198
            },
            "hyperparameters": {
                "BATCH_SIZE": 32,
                "DROPOUT": 0.3,
                "EPOCHS": 150,
                "LR": 0.00031091088362050556,
                "PATIENCE": 5,
                "WEIGHT_DECAY": 0.0034013612281362745
            },
            "inner_folds": {
                "1": {
                    "time": 12.222963099367917,
                    "epochs": 6,
                    "loss": 0.8397240900361593
                },
                "2": {
                    "time": 12.217375099658966,
                    "epochs": 6,
                    "loss": 0.7736152167502334
                },
                "3": {
                    "time": 12.350042399950325,
                    "epochs": 6,
                    "loss": 0.7564265116875443
                },
                "4": {
                    "time": 28.198363699950278,
                    "epochs": 14,
                    "loss": 0.5091884291825424
                }
            }
        },
        "5": {
            "summary": {
                "time": 96.44162269961089,
                "mean_loss": 0.6540493556119019
            },
            "hyperparameters": {
                "BATCH_SIZE": 64,
                "DROPOUT": 0.2,
                "EPOCHS": 50,
                "LR": 0.0002600765509230066,
                "PATIENCE": 10,
                "WEIGHT_DECAY": 0.0004099409090079011
            },
            "inner_folds": {
                "1": {
                    "time": 19.29318069946021,
                    "epochs": 11,
                    "loss": 0.7466105908704793
                },
                "2": {
                    "time": 26.181901399977505,
                    "epochs": 15,
                    "loss": 0.6758074164304999
                },
                "3": {
                    "time": 19.36599089950323,
                    "epochs": 11,
                    "loss": 0.6515194383550316
                },
                "4": {
                    "time": 31.59931330010295,
                    "epochs": 18,
                    "loss": 0.5422599767915969
                }
            }
        },
        "6": {
            "summary": {
                "time": 64.18179150018841,
                "mean_loss": 0.6498022911034368
            },
            "hyperparameters": {
                "BATCH_SIZE": 128,
                "DROPOUT": 0.3,
                "EPOCHS": 50,
                "LR": 0.0002848444529587865,
                "PATIENCE": 5,
                "WEIGHT_DECAY": 0.0004099463884870533
            },
            "inner_folds": {
                "1": {
                    "time": 10.239609500393271,