{
    "train_indices": [
        1,
        2,
        3,
        4,
        5,
        6,
        7,
        8,
        10,
        11,
        12,
        13,
        14,
        16,
        18,
        19,
        20,
        21,
        22,
        23,
        24,
        26,
        29,
        30,
        31,
        32,
        33,
        34
    ],
    "test_indices": [
        0,
        9,
        15,
        17,
        25,
        27,
        28
    ],
    "summary": {
        "model": {
            "id": 2,
            "network": {
                "CONV1": [
                    21,
                    32,
                    1,
                    10
                ],
                "CONV2": [
                    15,
                    64,
                    1,
                    7
                ],
                "LINEAR": 32
            }
        },
        "time": 2170.484119899571,
        "best_config": {
            "BATCH_SIZE": 128,
            "DROPOUT": 0.3,
            "EPOCHS": 100,
            "LR": 0.0001823778434239233,
            "PATIENCE": 10,
            "WEIGHT_DECAY": 0.0002072272264380638
        },
        "performance": {
            "loss": 0.3303283195731775,
            "confusion_matrix": {
                "TP": 943,
                "TN": 1985,
                "FP": 80,
                "FN": 384
            },
            "metrics": {
                "accuracy": 0.8632075471698113,
                "precision": 0.9217986314760508,
                "recall": 0.7106254709871892,
                "specificity": 0.9612590799031477,
                "f1": 0.8025531914893618
            }
        }
    },
    "configs": {
        "1": {
            "summary": {
                "time": 47.313437700271606,
                "mean_loss": 0.783606482524724
            },
            "hyperparameters": {
                "BATCH_SIZE": 64,
                "DROPOUT": 0.3,
                "EPOCHS": 100,
                "LR": 0.0009390405790325855,
                "PATIENCE": 5,
                "WEIGHT_DECAY": 0.0024857511510709878
            },
            "inner_folds": {
                "1": {
                    "time": 10.599238799884915,
                    "epochs": 6,
                    "loss": 0.572736076153286
                },
                "2": {
                    "time": 10.53963360004127,
                    "epochs": 6,
                    "loss": 1.100841918885186
                },
                "3": {
                    "time": 10.513793000020087,
                    "epochs": 6,
                    "loss": 0.8079872686754573
                },
                "4": {
                    "time": 15.659636300057173,
                    "epochs": 9,
                    "loss": 0.6528606663849665
                }
            }
        },
        "2": {
            "summary": {
                "time": 111.94005540013313,
                "mean_loss": 0.6374942926680875
            },
            "hyperparameters": {
                "BATCH_SIZE": 64,
                "DROPOUT": 0.1,
                "EPOCHS": 100,
                "LR": 0.00010144490860344396,
                "PATIENCE": 10,
                "WEIGHT_DECAY": 0.0007405989036592365
            },
            "inner_folds": {
                "1": {
                    "time": 22.62732939980924,
                    "epochs": 13,
                    "loss": 0.5761600175281192
                },
                "2": {
                    "time": 19.006504799239337,
                    "epochs": 11,
                    "loss": 0.7523771669874397
                },
                "3": {
                    "time": 27.428175100125372,
                    "epochs": 16,
                    "loss": 0.688143438001985
                },
                "4": {
                    "time": 42.87680010031909,
                    "epochs": 25,
                    "loss": 0.5332965481548062
                }
            }
        },
        "3": {
            "summary": {
                "time": 55.92769489996135,
                "mean_loss": 0.7096409109093753
            },
            "hyperparameters": {
                "BATCH_SIZE": 64,
                "DROPOUT": 0.1,
                "EPOCHS": 150,
                "LR": 0.0003735566665150971,
                "PATIENCE": 5,
                "WEIGHT_DECAY": 0.009264059897359789
            },
            "inner_folds": {
                "1": {
                    "time": 15.820809599943459,
                    "epochs": 9,
                    "loss": 0.7024748052527486
                },
                "2": {
                    "time": 10.538508499972522,
                    "epochs": 6,
                    "loss": 0.9224717462543013
                },
                "3": {
                    "time": 10.516745599918067,
                    "epochs": 6,
                    "loss": 0.6861626494775983
                },
                "4": {
                    "time": 19.05036719981581,
                    "epochs": 11,
                    "loss": 0.5274544426528529
                }
            }
        },
        "4": {
            "summary": {
                "time": 146.22097490075976,
                "mean_loss": 0.6962151733329622
            },
            "hyperparameters": {
                "BATCH_SIZE": 128,
                "DROPOUT": 0.2,
                "EPOCHS": 100,
                "LR": 0.0006485563981978905,
                "PATIENCE": 10,
                "WEIGHT_DECAY": 0.0005931199953590068
            },
            "inner_folds": {
                "1": {
                    "time": 37.8611246002838,
                    "epochs": 23,
                    "loss": 0.6046204475415361
                },
                "2": {
                    "time": 18.233817599713802,
                    "epochs": 11,
                    "loss": 0.9573518562163794
                },
                "3": {
                    "time": 23.139606500044465,
                    "epochs": 14,
                    "loss": 0.7090810543131733
                },
                "4": {
                    "time": 66.98517820052803,
                    "epochs": 41,
                    "loss": 0.5138073352607597
                }
            }
        },
        "5": {
            "summary": {
                "time": 79.12094889953732,
                "mean_loss": 0.7893798895516251
            },
            "hyperparameters": {
                "BATCH_SIZE": 64,
                "DROPOUT": 0.3,
                "EPOCHS": 100,
                "LR": 0.000647235158823848,
                "PATIENCE": 10,
                "WEIGHT_DECAY": 0.007905960015515509
            },
            "inner_folds": {
                "1": {
                    "time": 20.871022099629045,
                    "epochs": 12,
                    "loss": 0.5811130656410437
                },
                "2": {
                    "time": 19.042261799797416,
                    "epochs": 11,
                    "loss": 1.1028557226314089
                },
                "3": {
                    "time": 20.030314899981022,
                    "epochs": 11,
                    "loss": 0.8292604711752336
                },
                "4": {
                    "time": 19.17610269971192,
                    "epochs": 11,
                    "loss": 0.6442902987588139
                }
            }
        },
        "6": {
            "summary": {
                "time": 140.7585931001231,
                "mean_loss": 0.6998375588872481
            },
            "hyperparameters": {
                "BATCH_SIZE": 128,
                "DROPOUT": 0.1,
                "EPOCHS": 50,
                "LR": 0.00027947901080107803,
                "PATIENCE": 10,
                "WEIGHT_DECAY": 0.0001412203143976715
            },
            "inner_folds": {
                "1": {
                    "time": 49.67028350010514,