{
    "train_indices": [
        1,
        2,
        3,
        4,
        5,
        6,
        7,
        8,
        10,
        11,
        12,
        13,
        14,
        16,
        18,
        19,
        20,
        21,
        22,
        23,
        24,
        26,
        29,
        30,
        31,
        32,
        33,
        34
    ],
    "test_indices": [
        0,
        9,
        15,
        17,
        25,
        27,
        28
    ],
    "summary": {
        "model": {
            "id": 2,
            "network": {
                "CONV1": [
                    21,
                    32,
                    1,
                    10
                ],
                "CONV2": [
                    15,
                    64,
                    1,
                    7
                ],
                "LINEAR": 64
            }
        },
        "time": 2753.1682906001806,
        "best_config": {
            "BATCH_SIZE": 16,
            "DROPOUT": 0.3,
            "EPOCHS": 150,
            "LR": 3.3721650537365565e-05,
            "PATIENCE": 15,
            "WEIGHT_DECAY": 0.00011050762490288227
        },
        "performance": {
            "loss": 0.8522560942285465,
            "confusion_matrix": {
                "TP": 350,
                "TN": 1490,
                "FP": 575,
                "FN": 977
            },
            "metrics": {
                "accuracy": 0.5424528301886793,
                "precision": 0.3783783783783784,
                "recall": 0.26375282592313487,
                "specificity": 0.7215496368038741,
                "f1": 0.3108348134991119
            }
        }
    },
    "configs": {
        "1": {
            "summary": {
                "time": 77.14421620033681,
                "mean_loss": 0.6395365180796211
            },
            "hyperparameters": {
                "BATCH_SIZE": 64,
                "DROPOUT": 0.3,
                "EPOCHS": 100,
                "LR": 9.390405790325862e-05,
                "PATIENCE": 5,
                "WEIGHT_DECAY": 0.0002485751151070985
            },
            "inner_folds": {
                "1": {
                    "time": 27.96241659950465,
                    "epochs": 16,
                    "loss": 0.559848865014266
                },
                "2": {
                    "time": 10.66709419991821,
                    "epochs": 6,
                    "loss": 0.7740252550345587
                },
                "3": {
                    "time": 12.360355000011623,
                    "epochs": 7,
                    "loss": 0.7031135142122152
                },
                "4": {
                    "time": 26.15323339961469,
                    "epochs": 15,
                    "loss": 0.5211584380574446
                }
            }
        },
        "2": {
            "summary": {
                "time": 168.45089429989457,
                "mean_loss": 0.669451271663976
            },
            "hyperparameters": {
                "BATCH_SIZE": 64,
                "DROPOUT": 0.1,
                "EPOCHS": 100,
                "LR": 1.0144490860344385e-05,
                "PATIENCE": 10,
                "WEIGHT_DECAY": 7.405989036592357e-05
            },
            "inner_folds": {
                "1": {
                    "time": 24.55942220054567,
                    "epochs": 14,
                    "loss": 0.6447272174886187
                },
                "2": {
                    "time": 19.32088719960302,
                    "epochs": 11,
                    "loss": 0.7658989319520183
                },
                "3": {
                    "time": 19.201223300769925,
                    "epochs": 11,
                    "loss": 0.7261203433391774
                },
                "4": {
                    "time": 105.36808609962463,
                    "epochs": 61,
                    "loss": 0.5410585938760895
                }
            }
        },
        "3": {
            "summary": {
                "time": 97.9099389007315,
                "mean_loss": 0.648613716431888
            },
            "hyperparameters": {
                "BATCH_SIZE": 64,
                "DROPOUT": 0.1,
                "EPOCHS": 150,
                "LR": 3.7355666651509736e-05,
                "PATIENCE": 5,
                "WEIGHT_DECAY": 0.0009264059897359787
            },
            "inner_folds": {
                "1": {
                    "time": 33.213407000526786,
                    "epochs": 19,
                    "loss": 0.5522334020651204
                },
                "2": {
                    "time": 10.670378600247204,
                    "epochs": 6,
                    "loss": 0.7611732028829237
                },
                "3": {
                    "time": 10.645879300311208,
                    "epochs": 6,
                    "loss": 0.7473727925938835
                },
                "4": {
                    "time": 43.37904509995133,
                    "epochs": 25,
                    "loss": 0.5336754681856247
                }
            }
        },
        "4": {
            "summary": {
                "time": 284.48418419994414,
                "mean_loss": 0.6594474819807987
            },
            "hyperparameters": {
                "BATCH_SIZE": 32,
                "DROPOUT": 0.2,
                "EPOCHS": 100,
                "LR": 1.0209068026271524e-05,
                "PATIENCE": 15,
                "WEIGHT_DECAY": 3.4115171263085325e-05
            },
            "inner_folds": {
                "1": {
                    "time": 88.53924559988081,
                    "epochs": 44,
                    "loss": 0.5922624018753234
                },
                "2": {
                    "time": 32.20225109998137,
                    "epochs": 16,
                    "loss": 0.7697901059783695
                },
                "3": {
                    "time": 32.09289679955691,
                    "epochs": 16,
                    "loss": 0.7379919199039761
                },
                "4": {
                    "time": 131.64851550012827,
                    "epochs": 66,
                    "loss": 0.5377455001655259
                }
            }
        },
        "5": {
            "summary": {
                "time": 340.03547650016844,
                "mean_loss": 0.6380569028247903
            },
            "hyperparameters": {
                "BATCH_SIZE": 64,
                "DROPOUT": 0.2,
                "EPOCHS": 150,
                "LR": 2.7298994239240564e-05,
                "PATIENCE": 15,
                "WEIGHT_DECAY": 1.201048993721471e-05
            },
            "inner_folds": {
                "1": {
                    "time": 67.89187829941511,
                    "epochs": 39,
                    "loss": 0.5359806152619253
                },
                "2": {
                    "time": 28.828463000245392,
                    "epochs": 16,
                    "loss": 0.7703898988546716
                },
                "3": {
                    "time": 27.93603190034628,
                    "epochs": 16,
                    "loss": 0.7414202824396839
                },
                "4": {
                    "time": 215.37787509988993,
                    "epochs": 124,
                    "loss": 0.5044368147428803
                }
            }
        },
        "6": {
            "summary": {
                "time": 105.23772950004786,
                "mean_loss": 0.6549465386713597
            },
            "hyperparameters": {
                "BATCH_SIZE": 16,
                "DROPOUT": 0.1,
                "EPOCHS": 150,
                "LR": 2.7627941701022935e-05,
                "PATIENCE": 5,
                "WEIGHT_DECAY": 0.0001590323376412102
            },
            "inner_folds": {
                "1": {
                    "time": 36.57933150045574,