{
    "train_indices": [
        0,
        1,
        2,
        3,
        4,
        5,
        6,
        7,
        9,
        11,
        12,
        13,
        14,
        15,
        17,
        18,
        19,
        20,
        21,
        22,
        23,
        24,
        25,
        26,
        27,
        28,
        30,
        33
    ],
    "test_indices": [
        8,
        10,
        16,
        29,
        31,
        32,
        34
    ],
    "summary": {
        "model": {
            "id": 2,
            "network": {
                "CONV1": [
                    21,
                    32,
                    1,
                    10
                ],
                "CONV2": [
                    15,
                    64,
                    1,
                    7
                ],
                "LINEAR": 64
            }
        },
        "time": 2637.2997116995975,
        "best_config": {
            "BATCH_SIZE": 16,
            "DROPOUT": 0.1,
            "EPOCHS": 150,
            "LR": 4.888553965094379e-05,
            "PATIENCE": 5,
            "WEIGHT_DECAY": 0.000487050718029601
        },
        "performance": {
            "loss": 0.979513229034144,
            "confusion_matrix": {
                "TP": 360,
                "TN": 2171,
                "FP": 341,
                "FN": 409
            },
            "metrics": {
                "accuracy": 0.7714111551356294,
                "precision": 0.5135520684736091,
                "recall": 0.4681404421326398,
                "specificity": 0.8642515923566879,
                "f1": 0.4897959183673469
            }
        }
    },
    "configs": {
        "1": {
            "summary": {
                "time": 81.38263389933854,
                "mean_loss": 0.6274420459954995
            },
            "hyperparameters": {
                "BATCH_SIZE": 64,
                "DROPOUT": 0.1,
                "EPOCHS": 100,
                "LR": 6.91749802426543e-05,
                "PATIENCE": 5,
                "WEIGHT_DECAY": 0.00010511270449351965
            },
            "inner_folds": {
                "1": {
                    "time": 10.838875200599432,
                    "epochs": 6,
                    "loss": 0.7042647199147308
                },
                "2": {
                    "time": 17.670035500079393,
                    "epochs": 10,
                    "loss": 0.6086281516532804
                },
                "3": {
                    "time": 17.718487599864602,
                    "epochs": 10,
                    "loss": 0.6507177187124424
                },
                "4": {
                    "time": 35.154128700494766,
                    "epochs": 20,
                    "loss": 0.5461575937015442
                }
            }
        },
        "2": {
            "summary": {
                "time": 292.4357914002612,
                "mean_loss": 0.6376490736271028
            },
            "hyperparameters": {
                "BATCH_SIZE": 32,
                "DROPOUT": 0.3,
                "EPOCHS": 100,
                "LR": 1.0980717964481644e-05,
                "PATIENCE": 10,
                "WEIGHT_DECAY": 1.2674604213004054e-05
            },
            "inner_folds": {
                "1": {
                    "time": 24.349107599817216,
                    "epochs": 12,
                    "loss": 0.6918675297965652
                },
                "2": {
                    "time": 22.367654599249363,
                    "epochs": 11,
                    "loss": 0.7032757962602258
                },
                "3": {
                    "time": 42.69258259981871,
                    "epochs": 21,
                    "loss": 0.6581009624650805
                },
                "4": {
                    "time": 203.025231000036,
                    "epochs": 100,
                    "loss": 0.4973520059865395
                }
            }
        },
        "3": {
            "summary": {
                "time": 314.72061480022967,
                "mean_loss": 0.6271746167387653
            },
            "hyperparameters": {
                "BATCH_SIZE": 16,
                "DROPOUT": 0.1,
                "EPOCHS": 50,
                "LR": 1.3975589766769734e-05,
                "PATIENCE": 15,
                "WEIGHT_DECAY": 0.00019874128578795688
            },
            "inner_folds": {
                "1": {
                    "time": 70.53805780038238,
                    "epochs": 31,
                    "loss": 0.7006896465055404
                },
                "2": {
                    "time": 77.32409199979156,
                    "epochs": 34,
                    "loss": 0.6365772534248441
                },
                "3": {
                    "time": 52.4243788998574,
                    "epochs": 23,
                    "loss": 0.6466983466558485
                },
                "4": {
                    "time": 114.43288100045174,
                    "epochs": 50,
                    "loss": 0.524733220368828
                }
            }
        },
        "4": {
            "summary": {
                "time": 132.94623199943453,
                "mean_loss": 0.6402152094242438
            },
            "hyperparameters": {
                "BATCH_SIZE": 32,
                "DROPOUT": 0.3,
                "EPOCHS": 150,
                "LR": 3.1091088362050516e-05,
                "PATIENCE": 5,
                "WEIGHT_DECAY": 0.0003401361228136274
            },
            "inner_folds": {
                "1": {
                    "time": 12.43037910014391,
                    "epochs": 6,
                    "loss": 0.6900796934206914
                },
                "2": {
                    "time": 24.44138010032475,
                    "epochs": 12,
                    "loss": 0.6482523560968926
                },
                "3": {
                    "time": 20.603454700671136,
                    "epochs": 10,
                    "loss": 0.6600162054116108
                },
                "4": {
                    "time": 75.46982830017805,
                    "epochs": 37,
                    "loss": 0.5625125827677803
                }
            }
        },
        "5": {
            "summary": {
                "time": 158.96828910056502,
                "mean_loss": 0.6401121477214265
            },
            "hyperparameters": {
                "BATCH_SIZE": 64,
                "DROPOUT": 0.2,
                "EPOCHS": 50,
                "LR": 2.6007655092300674e-05,
                "PATIENCE": 10,
                "WEIGHT_DECAY": 4.099409090079006e-05
            },
            "inner_folds": {
                "1": {
                    "time": 21.27629609964788,
                    "epochs": 12,
                    "loss": 0.682208979734078
                },
                "2": {
                    "time": 19.51270589977503,
                    "epochs": 11,
                    "loss": 0.6893299345548489
                },
                "3": {
                    "time": 30.073906200006604,
                    "epochs": 17,
                    "loss": 0.6575307842246297
                },
                "4": {
                    "time": 88.10415649972856,
                    "epochs": 50,
                    "loss": 0.5313788923721495
                }
            }
        },
        "6": {
            "summary": {
                "time": 99.44789690058678,
                "mean_loss": 0.6349579636777075
            },
            "hyperparameters": {
                "BATCH_SIZE": 64,
                "DROPOUT": 0.1,
                "EPOCHS": 100,
                "LR": 5.723546889643045e-05,
                "PATIENCE": 5,
                "WEIGHT_DECAY": 4.099463884870532e-05
            },
            "inner_folds": {
                "1": {
                    "time": 10.817051699385047,