{
    "train_indices": [
        0,
        1,
        4,
        6,
        8,
        9,
        10,
        11,
        13,
        14,
        15,
        16,
        17,
        18,
        19,
        20,
        21,
        22,
        25,
        26,
        27,
        28,
        29,
        30,
        31,
        32,
        33,
        34
    ],
    "test_indices": [
        2,
        3,
        5,
        7,
        12,
        23,
        24
    ],
    "summary": {
        "model": {
            "id": 2,
            "network": {
                "CONV1": [
                    21,
                    32,
                    1,
                    10
                ],
                "CONV2": [
                    15,
                    64,
                    1,
                    7
                ],
                "LINEAR": 64
            }
        },
        "time": 2785.7481561005116,
        "best_config": {
            "BATCH_SIZE": 32,
            "DROPOUT": 0.2,
            "EPOCHS": 150,
            "LR": 4.684226315946508e-05,
            "PATIENCE": 15,
            "WEIGHT_DECAY": 5.2036051392330605e-05
        },
        "performance": {
            "loss": 1.0420098926587154,
            "confusion_matrix": {
                "TP": 420,
                "TN": 1864,
                "FP": 106,
                "FN": 984
            },
            "metrics": {
                "accuracy": 0.6769413159454654,
                "precision": 0.7984790874524715,
                "recall": 0.29914529914529914,
                "specificity": 0.9461928934010152,
                "f1": 0.4352331606217617
            }
        }
    },
    "configs": {
        "1": {
            "summary": {
                "time": 130.61734479945153,
                "mean_loss": 0.6275163017739698
            },
            "hyperparameters": {
                "BATCH_SIZE": 16,
                "DROPOUT": 0.2,
                "EPOCHS": 50,
                "LR": 4.0064836619643966e-05,
                "PATIENCE": 10,
                "WEIGHT_DECAY": 0.00017665559365643207
            },
            "inner_folds": {
                "1": {
                    "time": 30.371836099773645,
                    "epochs": 12,
                    "loss": 0.6426411234927409
                },
                "2": {
                    "time": 27.78076609969139,
                    "epochs": 12,
                    "loss": 0.569123219106799
                },
                "3": {
                    "time": 43.022162299603224,
                    "epochs": 19,
                    "loss": 0.5933003641208824
                },
                "4": {
                    "time": 29.44143829960376,
                    "epochs": 13,
                    "loss": 0.7050005003754566
                }
            }
        },
        "2": {
            "summary": {
                "time": 183.21070550009608,
                "mean_loss": 0.6303032702345075
            },
            "hyperparameters": {
                "BATCH_SIZE": 64,
                "DROPOUT": 0.1,
                "EPOCHS": 150,
                "LR": 1.1394964521117104e-05,
                "PATIENCE": 5,
                "WEIGHT_DECAY": 5.8463261216434157e-05
            },
            "inner_folds": {
                "1": {
                    "time": 45.5851414995268,
                    "epochs": 26,
                    "loss": 0.5980985523427574
                },
                "2": {
                    "time": 64.25341849960387,
                    "epochs": 37,
                    "loss": 0.5691762973214979
                },
                "3": {
                    "time": 62.65150349959731,
                    "epochs": 36,
                    "loss": 0.6184246967033464
                },
                "4": {
                    "time": 10.71932590007782,
                    "epochs": 6,
                    "loss": 0.7355135345704285
                }
            }
        },
        "3": {
            "summary": {
                "time": 190.16455580014735,
                "mean_loss": 0.6268493554202302
            },
            "hyperparameters": {
                "BATCH_SIZE": 64,
                "DROPOUT": 0.3,
                "EPOCHS": 50,
                "LR": 2.4704996466019388e-05,
                "PATIENCE": 10,
                "WEIGHT_DECAY": 1.3869861245357317e-05
            },
            "inner_folds": {
                "1": {
                    "time": 52.489105000160635,
                    "epochs": 30,
                    "loss": 0.586022337084835
                },
                "2": {
                    "time": 41.84218950010836,
                    "epochs": 24,
                    "loss": 0.5866892362866446
                },
                "3": {
                    "time": 76.48643399961293,
                    "epochs": 44,
                    "loss": 0.6026179147270608
                },
                "4": {
                    "time": 19.34561869967729,
                    "epochs": 11,
                    "loss": 0.7320679335823805
                }
            }
        },
        "4": {
            "summary": {
                "time": 149.6546395998448,
                "mean_loss": 0.6188150514592603
            },
            "hyperparameters": {
                "BATCH_SIZE": 32,
                "DROPOUT": 0.1,
                "EPOCHS": 50,
                "LR": 6.80173716154601e-05,
                "PATIENCE": 15,
                "WEIGHT_DECAY": 1.9085412933888717e-05
            },
            "inner_folds": {
                "1": {
                    "time": 36.57825729995966,
                    "epochs": 18,
                    "loss": 0.6282847626406012
                },
                "2": {
                    "time": 36.45374740008265,
                    "epochs": 18,
                    "loss": 0.5824043190924921
                },
                "3": {
                    "time": 40.37875110004097,
                    "epochs": 20,
                    "loss": 0.5518720939929215
                },
                "4": {
                    "time": 36.24258940014988,
                    "epochs": 18,
                    "loss": 0.7126990301110261
                }
            }
        },
        "5": {
            "summary": {
                "time": 113.94627930037677,
                "mean_loss": 0.6472937647066048
            },
            "hyperparameters": {
                "BATCH_SIZE": 16,
                "DROPOUT": 0.3,
                "EPOCHS": 50,
                "LR": 6.322819033590657e-05,
                "PATIENCE": 10,
                "WEIGHT_DECAY": 0.0003639639356786391
            },
            "inner_folds": {
                "1": {
                    "time": 25.26478930003941,
                    "epochs": 11,
                    "loss": 0.639459578591643
                },
                "2": {
                    "time": 25.179034099914134,
                    "epochs": 11,
                    "loss": 0.6409947177238553
                },
                "3": {
                    "time": 34.03367790021002,
                    "epochs": 15,
                    "loss": 0.6502231158555075
                },
                "4": {
                    "time": 29.4675206001848,
                    "epochs": 13,
                    "loss": 0.6584976466554135
                }
            }
        },
        "6": {
            "summary": {
                "time": 155.43751369975507,
                "mean_loss": 0.6247427004880557
            },
            "hyperparameters": {
                "BATCH_SIZE": 64,
                "DROPOUT": 0.1,
                "EPOCHS": 100,
                "LR": 1.3910837820057877e-05,
                "PATIENCE": 5,
                "WEIGHT_DECAY": 0.00011058510725696446
            },
            "inner_folds": {
                "1": {
                    "time": 33.36951160058379,